lexico	category
abacial	social
abade	social
abadessa	social
abalizado	social
abandonado	social
abastado	social
abastad�ssimo	social
abastar	social
abastardar	social
abater	emo
abatido	emo
abbade	social
abbadesso	social
abelhudo	carater
abespinhar	emo
abestalhado	carater_emo
abismar	emo
abjeto	carater
abnegado	carater
abominar	outro
abomin�vel	carater
abonado	social
aborrecer	emo
aborrecido	emo
abrasado	aparencia
absolutista	social
absorto	emo
absorvente	carater
abstinente	social
abstruso	carater
abst�mio	social
acabadinho	aparencia
acabar	aparencia
acabrunhado	emo
academico	social
acad�mico	social
acamado	outro
acanhado	carater_emo
acarinhar	outro
acatador	carater
accionista	social
acertad�ssimo	carater
acertar	social
acess�vel	carater
achacar	aparencia
achavascado	aparencia
acionista	social
acirrado	emo
aclamar	social
acobreado	aparencia
acolhedor	carater
acomodado	carater
acomodar	social
acossar	emo
acreditado	social
acrian�ado	carater
activo	carater
actor	social
actual	social
ac�rrimo	carater
adamado	carater_social
adapt�vel	social
aderecista	social
adicto	social
adido	social
adiposo	aparencia
administrador	social
admiradissimo	emo
admirado	emo
admirador	outro
admirad�ssimo	emo
admirar	emo
admir�vel	carater
adoecer	outro
adoentado	outro
adoidado	carater_social
adorar	emo
ador�vel	emo
adulto	aparencia_social
advers�rio	social
advogado	social
ad�ltero	social
afadigado	outro
afamado	social
afamad�ssimo	social
afamar	social
afanoso	carater
afei�oar	emo
afeminar	aparencia_carater
afervorar	emo
afetado	carater
afetar	carater
afetuoso	emo
affavel	emo
affectivo	emo
affectuoso	emo
affei�oar	emo
afflictissimo	emo
afflicto	emo
affouto	carater
afidalgado	social
afilhada	social
afilhadinho	social
afilhado	social
afligir	emo
aflito	emo
aflit�ssimo	emo
afllicto	emo
afocinhar	outro
afogueado	aparencia
afoito	emo
afortunado	outro
afreguesado	social
africano	social
africano	social
afrontado	outro
af�vel	carater
af�nico	outro
agastado	emo
agente	social
agigantado	aparencia
agigantar	aparencia
agil�ssimo	aparencia
agitadissimo	emo
agitado	emo
agitar	emo
agoirento	carater
agoniado	emo
agoniad�ssimo	emo
agonizante	emo
agradecido	emo
agrad�vel	emo
agravar	outro
agressivo	carater_emo
agreste	carater
agricultor	social
agr�rio	social
aguerrido	carater
aimor�	social
airado	carater
airoso	aparencia
ajeitadinho	aparencia
ajudante	social
ajuizado	carater
ajuizar	carater
alarve	carater
alcaide	social
alcaide-mor	social
alcoolizar	carater_social
alde�	social
alde�o	social
alegre	emo
alegrete	emo
alegr�ssimo	emo
aleijado	aparencia
aleivoso	emo
alemtejano	social
alem�	social
alem�o	social
alentado	aparencia
alentar	aparencia
alentejano	social
alerta	carater
alexandrino	social
alfenim	social
alferes	social
alferes-mor	social
algarviense	social
algoz	social
alheio	outro
alienado	carater_social
aliviado	emo
allem�e	social
allem�o	social
allucinar	carater_social
almirante	social
almo	carater
almor�vido	social
almoxarife	social
alourado	aparencia
alquebrado	aparencia
altanado	carater
altaneiro	carater_emo
altinho	aparencia
altivo	emo
alto	aparencia
aluado	carater
alucinado	carater_social
alvazil	social
alvo	aparencia
alvora�ado	emo
alvoro�ado	emo
amabilissimo	carater
amabil�ssimo	carater
amachucado	aparencia
amada	outro
amado	outro
amador	social
amaldi�oar	social
amancebado	social
amante	social
amanuense	social
amar	outro
amarelado	aparencia
amarelo	aparencia
amarfanhar	aparencia
amargo	carater
amargurado	emo
amargurar	emo
amaro	carater
amavioso	aparencia_carater
ambicioso	carater
amb�guo	carater
amea�ador	outro
amedrontado	emo
amedrontador	aparencia_carater
amedrontar	emo
ameno	carater
americano	social
amic�ssimo	social
amiga	social
amigar	social
amigo	social
amiguinho	social
amimar	carater
amistoso	carater
amo	social
amodorrado	emo
amoriscar	emo
amoroso	emo
amoros�ssimo	emo
amor�vel	emo
amotinado	social
amuado	emo
am�vel	carater
anadel	social
anadel-mor	social
anafado	aparencia
analfabeto	social
analista	social
analphabeto	social
anarchista	social
anarquista	social
anciano	aparencia
ancioso	emo
anci�o	aparencia
andaluz	social
andejo	carater
andrajoso	aparencia
anelado	aparencia
anemico	outro
angelical	carater
angustiado	emo
ang�lico	carater
animado	emo
animar	emo
animoso	emo
anjo	carater
ansiado	emo
ansioso	emo
antepassado	social
anti-social	social
anticrist�	social
antiescravagista	social
antigo	aparencia
antipathico	carater
antip�tico	carater
an�o	aparencia
an�ozinho	aparencia
an�mico	aparencia
an�nimo	social
apagado	carater
apaixonadar	emo
apaixonado	emo
apaixonad�ssimo	emo
apaixonar	emo
apanhado	emo
aparvalhado	carater
apatetado	carater
apavorado	emo
apavorar	emo
apessoado	aparencia
apiedar	emo
aplaudir	outro
aplicado	carater
aplicar	carater
apologista	outro
apol�neo	aparencia
apopletico	emo
apopl�ctico	emo
apopl�tico	emo
apoquentar	emo
aposentado	social
aposentar	social
apoucado	emo
apprehensivo	emo
apraz�vel	carater
apreciar	emo
apreci�vel	carater
apreensivo	emo
apresent�vel	aparencia
apressado	carater
apressar	carater
aprimorado	aparencia
aprisionado	outro
aproveitar	outro
aproveit�vel	outro
aprumado	aparencia
ap�tico	aparencia_emo
ap�stata	carater
aragon�s	social
arbitr�rio	carater
arcabuzeiro	social
arcang�lico	aparencia_carater
arcebisbo	social
arcebispo	social
arcediago	social
arced�ago	social
archiduque	social
architecto	social
ardente	carater_emo
ardiloso	carater
arfante	emo
argentino	social
argucioso	carater
argumentador	carater
arguto	carater
ariano	aparencia
arisco	carater
aristocrata	social
aristocraticas	social
aristocr�tico	social
armeiro	social
arm�nio	social
arquiduquesa	social
arquigracioso	aparencia
arquitecto	social
arranjadinho	aparencia
arranjado	aparencia
arrebatado	carater
arrebatador	carater
arredar	carater
arredio	carater
arrefecido	emo
arreitar	aparencia
arrendat�rio	social
arrepender	emo
arrependido	emo
arrepiado	emo
arrieiro	social
arrimo	social
arrogante	carater
arrojado	carater
arrojar	carater
arrufar	emo
arruinado	social
arrumado	carater
arteiro	carater
artificial	carater
artificioso	carater
artista	social
art�fice	social
ascoroso	carater
asc�tico	carater
asfixiado	outro
asi�tico	social
asqueroso	aparencia
assalariado	social
assanhado	carater
assassino	social
asseado	aparencia
assear	aparencia
assentar	outro
assignante	social
assomadi�o	carater
assomado	emo
assombrado	emo
assustadinho	emo
assustadi�o	carater
assustado	emo
assustador	carater
assustar	emo
ass�duo	outro
astrologo	social
astr�logo	social
astucioso	carater
asturiano	social
astuto	carater
asylar	social
atabalhoado	carater
atarantar	carater
atarefado	social
atarracado	aparencia
atemorizar	emo
atencioso	carater
ateniense	social
atento	carater
aterrar	emo
ateu	social
atilado	carater
atiradi�o	carater
ativo	carater_social
atleta	aparencia_social
atl�tico	aparencia
atoleimado	carater
atonito	emo
ator	social
atordoar	emo
atormentado	emo
atormentado	emo
atormentar	emo
atraente	aparencia
atrahente	aparencia
atrai�oado	outro
atrapalhado	emo
atrasar	outro
atrativo	carater
atreito	outro
atrever	carater_emo
atrevido	carater_emo
atribulado	social
atroc�ssimo	carater
atroz	carater
attencioso	carater
attento	carater
atterrar	emo
attonito	emo
attrahente	aparencia
att�nito	emo
atufar	aparencia
aturdido	emo
aturdir	emo
at�nito	emo
auctor	social
auctoritario	carater
audacioso	carater
audaz	carater
augustiniano	social
august�ssimo	carater
ausente	carater
austero	carater
austr�aco	social
authentico	carater
autor	social
autora	social
autoridade	social
autorit�rio	carater
autorizar	outro
aut�ntico	carater
avantajado	aparencia
avantajar	aparencia
avan�ado	carater
avarento	carater
avaro	carater
avelhantar	aparencia
avelhentar	aparencia
aventuroso	carater
aviltado	outro
avinhado	aparencia_social
avisado	carater
av�sinho	social
av�	social
azado	outro
azafamado	social
azedado	emo
azedo	carater
azoinado	emo
azougado	carater_emo
azul	aparencia
a�odar	outro
a�oriano	social
a�reo	carater
babado	aparencia
bacharel	social
badameco	social
bahiano	social
baiano	social
baixinho	aparencia
baixo	aparencia
baixote	aparencia
baldo	social
banal	aparencia_carater
bandeirante	social
bandoleiro	social
banhista	social
banqueiro	social
banzeiro	emo
baratinado	emo
barato	outro
barbado	aparencia
barba�udo	aparencia
barbear	aparencia
barbudo	aparencia
barcelense	social
bardo	social
baronesa	social
baroneza	social
barreg�	social
barrigudo	aparencia
bar�o	social
basbaque	social
bastardo	social
batalhador	carater
batalhadora	carater
batido	outro
batizar	outro
beata	social
beato	social
beat�ssimo	carater_social
bebed�ssimo	social
beberr�o	social
bedel	social
beir�o	social
bejense	social
beleza	aparencia
belfo	aparencia
belga	social
belicoso	carater
bellicoso	carater
bellissimo	aparencia
bello	aparencia
belo	aparencia
bel�ssimo	aparencia
bem-afamado	social
bem-amado	emo
bem-aparecer	aparencia
bem-aventurado	outro
bem-aventurado	outro
bem-avisado	carater
bem-comportado	social
bem-criado	social
bem-educado	social
bem-falante	carater
bem-fazer	aparencia
bem-intencionado	carater
bem-nascido	social
bemquisto	social
bendito	outro
beneditino	social
beneficente	carater
benem�rito	social
benevolo	carater
benfazejo	carater
benfeitora	social
benigno	carater
benquisto	emo
bento	outro
ben�volo	carater
berbere	social
besta	carater
bestial	carater
bestializar	emo
bestificar	emo
bexigoso	aparencia
bexiguento	outro
bibliophilo	social
bibliotec�rio	social
bigodudo	aparencia
bilioso	carater
biographo	social
birrento	carater
bisbilhoteiro	carater
bisneta	social
bisneto	social
bispo	social
bispo-governador	social
bizarro	carater
blasfemo	social
boazinho	carater
bobo	carater
bodalh�o	aparencia
bohemio	social
bojudo	aparencia
bom	carater
bonacheir�o	carater
bonach�o	carater
bonapartista	social
bondadoso	carater
bondoso	carater
bondos�ssimo	carater
bonissimo	carater
bonitinhas	aparencia
bonitinho	aparencia
bonito	aparencia
bonitono	aparencia
bonitote	aparencia
bon�ssimo	carater
boquiaberto	emo
borboleteador	carater
borracho	carater_social
borrach�ssimo	social
boticario	social
botic�rio	social
bo�al	carater
bo�mio	social
bo�mio	social
brabinho	carater_emo
brabo	carater_emo
bracarense	social
braceiro	aparencia_social
bragantino	social
branca	aparencia
branco	aparencia
brando	carater
braquic�falo	aparencia
brasileiro	social
brasiliense	social
bravio	emo
bravo	emo
brav�ssimo	carater
brazileiro	social
brejeiro	carater
bret�o	social
brigadeiro	social
brigoso	carater
brilhante	carater
brilhant�ssimo	carater
brincalh�o	carater
brioso	aparencia
britannico	social
brit�nico	social
bronco	carater
bronzeado	aparencia
brusco	carater
brutal	carater
bruto	carater
bruxa	social
bruxo	carater_social
bucolico	carater
buc�lico	carater
budista	social
buffo	carater_social
bufo	carater_social
bulhento	carater
burgu�s	social
burlesco	outro
burro	carater
burr�ssimo	carater
byroniano	social
b�rbaro	carater
b�bado	carater_social
b�bedo	carater_social
b�blico	outro
cabalista	social
cabal�stico	social
cabeleireiro	social
cabeludo	aparencia
cabe�udo	aparencia_carater
cabisbaixo	emo
cabo	social
cabralista	social
cachopo	aparencia
cadaverico	aparencia
cadav�rico	aparencia
cadete	social
caduco	outro
caipora	outro
caixeiro	social
calaceiro	carater
calaceiro	carater
calado	carater
calcular	carater
calculista	carater
caldeu	social
callar	carater
calmo	carater
caloroso	carater
caloso	aparencia
calvino	social
calvo	aparencia
calv�ssimo	aparencia
camarada	carater
camarista	social
caminheiro	social
campesino	social
campista	social
campon�s	social
canalha	carater
candidato	social
candid�ssimo	carater
cangaceiro	social
canhoto	aparencia
canibal	social
canonizar	outro
cansado	aparencia
cansar	aparencia
cantor	social
cantora	social
can�nico	social
capac�ssimo	carater
capaz	carater
capaz�rio	carater
capcioso	carater
capelista	social
capell�o	social
capel�o	social
capel�o-mor	social
capitalista	social
capit�o-mor	social
capit�o	social
capit�o-mor	social
capit�o-m�r	social
caprichoso	carater
caqu�tico	aparencia
carapinhoso	aparencia
carapinteiro	social
carateristico	outro
cardeal	social
card�aco	aparencia
careca	aparencia
carente	carater_emo
caricato	outro
caricioso	carater
caridoso	carater
carinhoso	carater
carioca	social
caritativo	carater
carnoso	aparencia
carnudo	aparencia
carn�voro	outro
caro	outro
carpinteiro	social
carrancudo	emo
carrasco	social
cartagin�s	social
carteiro	social
carthusiano	social
cartista	social
car�ssimo	outro
casadeiro	social
casadinho	social
casado	social
casadoiro	social
casamenteira	social
casamenteiro	social
casar	social
cascudo	carater
caseiro	social
casmurro	carater
caspento	aparencia
casposo	aparencia
casquilho	aparencia
castelhano	social
castell�o	social
casto	carater
cast�ssimo	carater
catal�o	social
catedr�tico	social
cathedratico	social
catholico	social
catita	aparencia
cativante	carater
cativo	social
cat�lico	social
causticante	carater
cautelloso	carater_emo
cauteloso	carater_emo
cavaleira	social
cavaleiro	social
cavalheiresco	carater
cavalheiro	social
cavalheiroso	carater
cavalleiro	social
cazar	social
ca�ador	social
ca�ad�r	social
cearense	social
cego	outro
celebrar	social
celeb�rrimo	social
celerado	carater
celibatario	social
celibat�rio	social
cenobita	social
censor	social
cerimonioso	carater
chanceler	social
chantre	social
charlatanesco	carater
chato	carater
chaveiro	social
chefe	social
cheiroso	outro
chic	aparencia
chin�s	social
chique	aparencia
choramingas	emo
choroso	emo
chorudo	aparencia
chor�o	carater
chor�o	emo
christan	social
christ�	social
christ�o	social
chronista	social
chulo	social
chumbado	outro
chupado	aparencia
ch�o	carater
ciclista	social
cidad�	social
cidad�o	social
cientista	social
cient�fico	social
cigarreiro	social
cintado	aparencia
cioso	carater
circassiano	social
circumspecto	carater
circunispecto	carater
circunspeto	carater
cirurgi�o	social
cismador	carater
cismarento	carater
cism�tico	carater
ciumento	emo
ciument�ssimo	emo
ciumoso	emo
civilisar	social
civilizado	social
civilizar	social
clandestino	social
claro	aparencia
clemente	carater
clementissimo	carater
clement�ssimo	carater
clergyrman	social
clor�tico	aparencia
cluniacense	social
cl�rigo	social
co-autor	social
co-propriet�rio	social
cobarde	carater
cobi�ar	outro
cobi�oso	carater
cocotte	aparencia_carater
coerente	carater
coevo	outro
cogitativo	carater
coitadinho	emo
coitadito	emo
coitado	social
cola�o	social
colegial	social
colerico	emo
coletivo	outro
coligar	outro
collegial	social
colono	social
colossal	aparencia
col�rico	emo
comadre	social
comandante	social
combatente	carater_social
comedido	carater
comediographo	social
comendadeira	social
comendador	social
comerciante	social
comil�o	outro
comiss�rio	social
commandador	social
commandante	social
commanditario	social
commissario	social
comodista	carater
comodoro	social
comovente	emo
comover	emo
comovido	emo
comovid�ssimo	emo
compacto	aparencia
compadecido	emo
compadecido	outro
compadre	social
companheira	social
companheiro	social
compassivo	carater
compenetradissimo	emo
compenetrado	carater
competente	carater
compincha	social
complacente	carater
completo	carater
complexo	carater
complicar	carater
complice	social
comportado	carater
compreensivo	carater
comprido	aparencia
comprometer	emo_social
comprometido	emo_social
compungido	emo
comum	social
comunicativo	carater
comunista	social
conceituado	social
conceituad�ssimo	outro
conceituar	social
conceituoso	carater
concentrado	carater
conciliador	carater
conciso	carater
concupiscente	carater
concussionario	carater
conde	social
conde-velho	social
condecorado	social
condecorar	social
condescendente	carater
condessa	social
condest�vel	social
condigno	carater
condiscipulo	social
condisc�pulo	social
condo�do	emo
condutor	social
conego	social
confederativo	social
confeiteiro	social
confessor	social
confiado	carater
confiante	emo
confiar	carater
conformar	carater_emo
confort�vel	outro
confuso	carater_emo
congol�s	social
congressista	social
conhecedor	social
conhecer	social
conhecido	social
conhecid�ssimo	social
conimbricense	social
conivente	outro
conquistador	social
consagrado	outro
consciencioso	carater
consciente	carater
conselheira	social
conselheiro	social
conservador	carater
conservador	social
considerado	social
considerad�ssimo	social
considerar	social
consolador	carater
conspirador	social
constante	carater
consternar	emo
constipado	outro
constranger	emo
contemplativo	carater
contempor�neo	outro
contente	emo
contentissimo	emo
content�ssimo	emo
conterr�neo	social
contrabandista	social
contramestre	social
contrariado	emo
contratado	social
contristar	emo
contrito	emo
contumaz	carater
convalescente	aparencia
convencer	carater
convencido	carater
convencid�ssimo	carater
conversadeiras	carater
conversador	carater
conversar	social
convicto	carater
convidar	social
convidativo	carater
convincente	carater
conviva	social
convulso	emo
copista	social
copta	social
coquete	carater
coquette	social
cor	aparencia
corado	aparencia
corajoso	carater_emo
corcovado	aparencia
corcunda	aparencia
cordato	carater
cordial	carater
corista	social
cornudo	social
coronel	social
corpulento	aparencia
correcto	carater
corregedor	social
correto	carater
corromper	carater
corrosivo	carater
corrupto	carater
corrupt�vel	carater
corso	social
cortejar	social
cortes�	social
cortes�o	social
cortez	carater
cort�s	carater
cosmopolita	social
costureira	social
covarde	carater
coveiro	social
coxo	aparencia
cozinheira	social
cozinheiro	social
co�ado	aparencia
crear	social
creatura	outro
credora	social
crendeiro	carater
crente	social
crescer	aparencia
crescidinho	aparencia
crescido	aparencia
crespinho	aparencia
criada	social
criado	social
criador	social
criancinha	outro
crian�a	outro
criar	social
criminoso	social
criminososo	social
crioulinho	social
crioulo	social
crist�	social
crist�o	social
crist�o-novo	social
criterioso	carater
cronista	social
cruel	carater
cruel�ssimo	carater
cruento	carater
cruzio	social
cr�dulo	carater
cr�tico	carater
cr�zio	social
cuidado	aparencia
cuidadoso	carater
cuidar	aparencia
cuidoso	carater
culpado	emo
cultivar	social
culto	social
cumpridor	carater
cunhado	social
cura	social
curador	social
curiosa	carater
curioso	carater
curios�ssimo	carater
curtinho	aparencia
curvado	aparencia
cu�ro	carater
cynico	carater
c�ndido	carater
c�lebre	social
c�ptico	carater
c�tico	carater
c�nico	carater
c�mico	carater
c�nego	social
c�mico	carater
c�nego	social
c�nscio	carater
c�nsul	social
c�mplice	carater
c�pido	carater
dadivoso	carater
dado	carater
dama	social
danado	carater
dandy	aparencia_carater
dan�ador	social
dan�arino	social
dar	carater
debilitar	aparencia
deca�da	aparencia
deca�do	aparencia
decente	carater
decidido	carater
decidir	carater
declamador	social
decotado	aparencia
decotar	aparencia
decr�pito	aparencia
dedicado	carater
dedicad�ssimo	carater
dedicar	carater
defeituoso	aparencia
deferente	carater
definhado	aparencia
deflorar	outro
degenerado	carater
degenerar	carater
degradar	carater
degredar	social
delambido	aparencia_carater
delatora	carater
delegado	social
deleitoso	aparencia
delgadinho	aparencia
delgado	aparencia
deliberar	carater
delicadissimo	aparencia_carater
delicado	aparencia_carater
delicad�ssimo	aparencia_carater
delicioso	aparencia
delicios�ssimo	aparencia
delinquente	social
demagogo	social
demente	carater
democrata	social
democr�tico	carater
dem�nio	carater
dengoso	carater
dengue	carater
denodado	carater
dentista	social
dependente	outro
deplorativo	emo
deplor�vel	carater
deposit�ria	outro
depravado	carater
deprimir	emo
deputado	social
deputar	social
deputar	social
derreado	aparencia_emo
derreter	emo
derretido	outro
desabrir	carater_emo
desabrochar	aparencia
desabusado	carater
desacatado	outro
desacompanhado	outro
desacordado	outro
desacreditado	social
desafiador	carater
desafogado	social
desaforado	carater
desafortunado	social
desafrontar	carater
desagrad�vel	carater
desajeitado	aparencia
desalentar	emo
desalmado	carater
desalmar	carater
desambicioso	carater
desamparado	emo
desamparar	emo
desanimado	emo
desanuviado	emo
desapegado	carater
desapiedado	carater
desapressado	carater
desarmado	outro
desarranjado	aparencia
desarvorar	emo
desassisado	carater
desassombrado	carater
desassossegado	emo
desastrado	carater
desatento	carater
desatinado	carater
desattento	carater
desavergonhado	carater
desazado	carater
desbaratado	emo
desbarretar	aparencia
desbocado	carater
desbotado	aparencia
desbragado	carater
desbravador	social
desbriar	aparencia
desbrioso	emo
descabelar	aparencia
descal�o	aparencia
descansadinho	outro
descansar	outro
descarado	carater
descaridoso	carater
descarnado	aparencia
descaro�vel	carater_emo
descendente	outro
descomposto	aparencia_carater
descomunal	aparencia
desconceituar	social
desconcertado	emo
desconcertar	emo
desconfiado	carater
desconfiar	carater
desconfortar	emo
desconhecido	social
desconsolado	emo
desconsolador	emo
desconsolar	emo
descontente	emo
descorado	aparencia
descrente	carater
descuidado	aparencia_carater
descuidar	aparencia_carater
descuidoso	emo
descuriosa	carater
desdenhar	outro
desdenhoso	emo
desdentado	aparencia
desditoso	emo
desejar	aparencia_emo
desejoso	emo
desej�vel	aparencia
desembara�ado	carater
desembara�ar	carater
desembargador	social
desempenado	carater
desempregado	social
desencaminhado	carater
desencantar	carater
desenfreado	outro
desenfrear	carater
desengajado	carater
desenganado	carater
desengon�ado	aparencia
desengon�ar	aparencia
desenhista	social
desenterrado	outro
desenvolto	aparencia_carater
desenvolver	aparencia
desenvolvido	aparencia
desenxovalhado	aparencia
desequilibrado	carater
desertor	social
desesperado	emo
desesperador	outro
desesperar	emo
desfeito	emo
desfibrar	aparencia
desgarraditas	carater
desgarrado	carater
desgostoso	emo
desgra�ado	carater_emo
desgra�ar	carater_emo
desgrenhado	aparencia
deshonrado	social
deshumano	carater
desilluder	emo
desiludido	emo
desiludir	emo
desincubar	outro
desinfeliz	emo
desinquieto	carater
desinteressado	carater
desinteresseiro	carater
desleal	carater
desleixado	aparencia
deslembrado	carater
desligado	outro
deslocado	outro
deslumbrado	emo
deslumbrante	aparencia
deslumbrar	emo
desmaiado	outro
desmandado	carater
desmazelado	aparencia
desmedrado	carater_emo
desmerecedor	carater
desmoralizar	carater
desnalgada	aparencia
desnaturado	carater
desnorteado	emo
desobediente	carater
desocupado	social
desolado	emo
desolar	emo
desonesto	carater
desonrado	social
desoprimido	emo
desordeiro	carater
desorientar	outro
despachado	carater
despeda�ar	emo
despedir	social
despegado	emo
despeitar	emo
despenteado	aparencia
desperdi�ado	carater
despido	aparencia
despojar	carater
desprecavido	carater
desprender	carater
desprendido	carater
despreocupado	carater
despresivel	carater
desprestigiar	social
despretensiosismo	carater
despretensioso	carater
desprevenido	outro
desprezar	outro
desprez�vel	carater
desprez�vel	carater
despropositado	carater
desprotegido	social
desp�tico	carater
desquitado	social
desquitar	social
desregrar	carater
dessoci�vel	carater
dessossegado	emo
destacar	social
destemeroso	carater_emo
destemido	carater
destemperado	carater
desterrado	social
desterrar	social
destinar	outro
destro	outro
desumano	carater
desvairado	emo_social
desvalido	social
desvanecido	emo
desvelado	emo
desventurado	emo
desventuroso	outro
determinado	carater
determinar	carater
detest�vel	carater
devasso	carater
devastar	emo
devedor	outro
devotar	carater
devoto	carater
devot�ssimo	carater
dextro	aparencia
de�o	social
de�sta	social
diabo	outro
diab�tico	outro
diab�lico	carater
diaphano	aparencia
dicaz	carater
diferente	outro
difficil	carater
dif�cil	carater
dignificar	social
dignissimo	carater
digno	carater
dign�ssimo	carater
dilacerar	emo
dilatar	aparencia
dilect�ssimo	emo
dileto	emo
diligente	carater
diminuto	aparencia
dinheiroso	social
diplomata	social
diplom�tico	carater
director	social
direito	aparencia_carater
direto	carater
diretor	social
dirigente	social
disciplinado	carater
disciplinar	carater
discipula	social
discreto	carater
disc�pulo	social
dispon�vel	outro
disputar	social
disp�ptico	outro
dissecador	carater
dissimulado	carater
dissimulad�ssimo	carater
dissimular	carater
dissipado	carater
dissipador	carater
dissoluto	carater
distante	carater
distinguir	social
distinto	social
distint�ssimo	social
distra�do	carater
ditoso	emo
divertidissimo	carater_emo
divertido	carater_emo
divertir	carater_emo
dividir	emo
divinal	aparencia
divino	aparencia_carater_social
divorciado	social
divorciar	social
dobradi�o	carater
doce	carater
doceira	social
doceiro	social
docil	carater
doente	outro
doentinho	outro
doentio	aparencia_carater
doent�ssimo	outro
dogmatico	carater
doida	carater_social
doido	carater_social
dolente	emo
dominador	carater
dominante	carater
dominicano	social
dona	social
donairoso	aparencia
donatario	social
donat�rio	social
dono	social
donoso	aparencia
donos�ssimo	aparencia
donzela	aparencia
donzella	social
dorido	emo
dorminhoco	carater
dotado	carater
dotar	carater
dourado	aparencia
doutissimo	social
douto	social
doutor	social
doutorar	social
doutorz�o	social
dout�ssimo	carater
draconiano	carater
dram�tico	carater
duelista	social
duque	social
duquesa	social
duqueza	social
duro	carater
dur�ssimo	carater
d�bil	aparencia
d�spota	carater
d�cil	carater
d�bio	carater
d�plice	carater
eclesi�stico	social
ecl�tico	social
economico	carater
econ�mico	carater
econ�mico	carater
edoso	aparencia
educado	carater_social
educad�ssimo	carater_social
educar	social
efeminado	aparencia
eficaz	social
eficiente	carater
egoista	carater
ego�sta	carater
egr�gio	social
eg�pcio	social
el-rei	social
elegante	aparencia
elegantissimo	aparencia
elegant�ssimo	aparencia
eleg�aco	emo
eleitor	social
eleitora	social
eletricista	social
elogiar	social
eloquent�ssimo	carater
eloq�ente	carater
eloq�ente	outro
emagrecer	aparencia
emancipar	social
embaixador	social
embara�ado	emo
embarcar	social
embei�ado	emo
embelezar	aparencia
embiocar	aparencia
embriagado	carater_social
embriagante	aparencia
embrutecer	carater
embuchar	emo
embusteiro	carater
embu�ar	aparencia
eminente	social
eminent�ssimo	social
emocionado	emo
empenhado	emo
empertigado	aparencia
emplumado	aparencia
empoar	aparencia
empobrecer	social
empolgado	emo
empolgante	carater
empregada	social
empregado	social
empregar	social
empreiteiro	social
emprezario	social
emproado	carater
emproar	carater
emudecer	outro
em�rito	carater_social
enamorar	emo
encanecer	aparencia
encantado	emo
encantador	aparencia_carater
encapuchar	aparencia
encaracolado	aparencia
encarado	aparencia
encardido	aparencia
encarnar	aparencia
encarni�ar	emo
encarquilhado	aparencia
encarregado	social
encasacado	aparencia
encavacado	emo
encharcado	outro
enciclop�dico	social
enciumar	emo
encobrear	aparencia
encolhido	aparencia
encomiar	outro
encorpado	aparencia
encurvar	aparencia
endefluxado	outro
endemoniado	carater
endemoninhado	carater
endiabrado	carater
endinheirado	social
endomingado	aparencia
endurecer	carater
enegrecer	aparencia
energico	carater
enervar	emo
enfadado	emo
enfadonho	carater
enfarinhado	aparencia
enfarruscar	aparencia
enfastiado	emo
enfatuado	carater
enfeiti�adora	carater
enfeiti�ante	carater
enfermeira	social
enfermeiro-mor	social
enfermo	outro
enfezado	aparencia_emo
enfiado	emo
enfraquecer	aparencia
enfurecido	emo
enf�tico	carater
engajado	social
engalfinhar	emo
enganado	social
enganador	carater
engeitar	social
engenheiro	social
engenhoso	carater
engomadeira	social
engomado	aparencia
engordurar	aparencia
engravatado	aparencia
engra�ado	carater
engra�ar	carater
engulhoso	aparencia_carater
enigm�tico	carater
enjoado	outro
enjoar	outro
enla�arotar	aparencia
enleiar	emo
enlevar	emo
enlutado	emo
enojar	emo
enorme	aparencia
enraivecer	emo
enriquecido	social
enrugado	aparencia
ensanguentado	aparencia
enteada	social
entendedor	social
entender	social
entendido	social
enternecedor	carater
enternecer	emo
enthusiasmar	emo
enthusiasto	outro
entorpecer	outro
entrajar	aparencia
entretido	outro
entrevado	aparencia
entristecer	emo
entusiasmado	emo
entusiasmad�ssimo	emo
entusiasta	carater
entusi�stico	carater_emo
envelhecer	aparencia
envenenado	outro
envergonhado	emo
envergonhad�ssimo	emo
envergonhar	emo
envilecer	carater
en�rgico	carater
epil�ptico	outro
epistol�grafo	social
equilibrado	carater
equ�voco	carater
eremita	social
erguido	outro
errante	social
eruditissimo	carater
erudito	social
erudit�ssimo	carater
esbaforido	aparencia
esbelto	aparencia
esbofar	aparencia
esbraseado	emo
escalavrar	aparencia
escamoso	aparencia
escandalizar	emo
escandaloso	carater
escanifrado	aparencia
escarlate	aparencia
escarmentado	social
escaveirado	aparencia
esclarecer	social
esclarecido	social
escoc�s	social
escorreito	aparencia
escrava	social
escravisar	social
escravizar	social
escravo	social
escrevente	social
escritor	social
escritora	social
escriv�o	social
escrupuloso	carater
escudeiro	social
esculptor	social
escultor	social
escultural	aparencia
escuro	aparencia
esfaimado	outro
esfarrapado	aparencia
esfor�ado	carater
esfor�ar	carater
esfrangalhar	emo
esfuziante	emo
esgalgado	aparencia
esganado	outro
esgani�ado	aparencia
esgrimista	social
esgrouviado	aparencia
esguedelhar	aparencia
esguio	aparencia
esmaecer	aparencia
esmerado	aparencia_carater
esmerar	aparencia_carater
esmolambado	aparencia
esmoler	social
esmorecido	emo
espada�do	aparencia
espalhafatono	carater
espalhafatoso	carater
espanhol	social
espantadi�o	carater
espantado	emo
espantad�ssimo	emo
espantar	emo
espapa�ar	aparencia
espaventoso	carater_emo
espavorido	emo
espavorido	outro
especial	outro
especialista	social
especulativo	carater
esperan�ar	emo
esperan�oso	emo
espertalh�o	carater
espertinho	carater
esperto	carater
espetaculoso	aparencia
espevitado	carater
espezinhar	emo
espichadinho	aparencia
espigado	aparencia
espiritista	social
espiritualista	social
espiritualizar	social
espirituoso	carater
espi�o	social
esplendoroso	aparencia
espl�ndido	aparencia
espont�neo	carater
esportivo	aparencia_social
esposa	social
esp�rita	social
esquecer	carater
esquecido	carater
esquel�tico	aparencia
esquisito	aparencia_carater
esquisit�o	aparencia_carater
esquivo	carater
esqu�lido	aparencia
estabanado	carater
estabelecer	social
estadista	carater
estafado	aparencia
estapaf�rdio	carater
estarrecer	emo
estarrecido	emo
estelionat�rio	social
estilista	social
estimabil�ssimo	outro
estimado	outro
estimad�ssimo	outro
estimar	outro
estim�vel	carater
estiolar	aparencia
estonteado	emo
estonteador	aparencia
estonteante	aparencia
estouvado	carater
estouvad�ssimo	carater
estouvanar	carater
estrangeirado	social
estrangeiro	social
estranho	aparencia_carater
estra�alhar	emo
estreito	carater
estremar	carater
estreme	carater
estremecer	emo
estremosas	carater
estrepitoso	outro
estribeiro	social
estrito	carater
estroina	carater
estrompar	aparencia
estr�bico	aparencia
estr�nuo	carater
estudante	social
estudioso	carater_social
estupefato	emo
estupendo	aparencia
estuporado	carater_emo
est�vel	carater
est�ril	outro
est�ico	carater
est�pido	carater
est�rdio	carater
esvelto	aparencia
esverdinhado	aparencia
eter�mano	social
etrangeiro	social
et�reo	outro
euf�rico	emo
europeia	social
europeu	social
evangelista	social
evang�lico	social
evolucionista	social
ex-doente	outro
ex-saldanhista	social
exaltadissimo	emo
exaltado	emo
exaltar	emo
examinador	social
exasperad�ssimo	emo
exasperar	emo
exaurir	aparencia
excecional	outro
excelente	carater
excelent�ssimo	carater_social
excellente	carater
excellentissimo	carater_social
excelso	carater_social
excepcional	carater
excessivo	carater
excitadissimo	emo
excitado	emo
excitad�ssimo	emo
excitante	carater
excitar	emo
excommungar	social
excomungado	social
excomungar	social
excruciante	emo
exc�ntrico	carater
execrando	carater
execrar	outro
execr�vel	carater
exemplar	carater
exemplar�ssimo	carater
exempto	outro
exhausto	outro
exigente	carater
exilado	social
exilar	social
expansivo	carater
expatriar	social
expedito	carater
expedit�ssimo	carater
experiente	social
experimentado	social
experimentad�ssimo	carater
experimentar	social
explender	aparencia
explorador	social
expl�cito	outro
extrangeiras	social
extrangeyro	social
extraordinaria	carater
extraordin�rio	carater
extravagante	aparencia_carater
extremado	emo
extremo	carater
extremoso	carater
ext�tico	emo
exuberante	aparencia_carater
exultante	emo
ex�tico	social
fabuloso	aparencia_carater
faccioso	carater
facecioso	carater
faceiro	carater
faceto	carater
facil	social
facinoroso	carater
fact�cio	outro
facultativo	social
facundo	carater
fac�nora	carater
fada	outro
fadista	social
faladeiro	carater
falador	carater
falar	outro
falso	carater
fals�ria	carater
fal�vel	outro
famigerado	social
faminto	outro
famoso	social
fanado	aparencia
fanatico	carater
fanhoso	aparencia
fanqueira	social
fantasiador	carater
fantasioso	carater
fantasm�tico	outro
fant�stico	aparencia_carater_social
fan�tico	carater
fardado	aparencia
fardar	aparencia
farfante	carater
farmac�utico	social
farrusco	aparencia
farsista	carater
fascinador	aparencia
fascinar	emo
fastidioso	carater
fatal	outro
fatalista	carater
fatigar	outro
fauno	outro
faustuoso	carater
favorito	outro
fazer	aparencia
fa�anhoso	carater
fa�anhudo	aparencia
febril	outro
fechado	carater
fechar	carater
fecundo	outro
fecund�ssimo	carater
feio	aparencia
feioso	aparencia
feiticeira	social
feiticeiro	social
feitor	social
fei�ssimo	aparencia
felic�ssimo	emo
feliz	emo
femeeiro	carater_social
fementido	carater
femieiro	carater_social
feminil	carater
feminino	carater
feminista	carater
fenomenal	carater
fen�cio	social
ferido	outro
ferino	carater
ferir	outro
fermoso	aparencia
fero	carater
feroz	carater
ferreiro	social
ferrenho	carater
fertil�ssimo	outro
fervente	emo
fervoroso	carater_emo
festejar	emo
feudat�rio	social
fidalga	social
fidalgo	social
fidalguinho	social
fiel	carater
filantr�pico	carater
filha	social
filho	social
filos�fico	social
fil�sofa	social
fil�sofo	social
finadinho	aparencia
financeiro	social
fingido	carater
fingir	carater
fingir	carater
fino	carater_social
fin�ssimo	social
fin�rio	carater
firme	carater
fiscal	social
fisiologista	social
flamengo	social
fleugmatico	carater
fleum�tico	carater
flex�vel	aparencia_carater
flibusteiro	carater
florentino	social
florista	social
fluente	outro
fluminense	social
fl�cido	aparencia
fogoso	carater
folgar	carater
folgaz�	carater
folgaz�o	carater
folhetinista	social
foragido	social
foreiro	social
formado	social
formal	carater
formid�vel	aparencia_carater_social
formosissimas	aparencia
formosissimo	aparencia
formoso	aparencia
formos�ssimas	aparencia
formos�ssimo	aparencia
forneiro	social
fornido	aparencia
forro	social
forte	aparencia_carater
fortissimo	aparencia_carater
fortunoso	outro
fort�ssimo	aparencia_carater
for�ar	social
for�udo	aparencia
fracalh�o	aparencia_carater
fracassar	social
fraco	aparencia_carater
frade	social
francez	social
franceza	social
franciscano	carater
franco	carater
franc�s	social
frangota	aparencia
franzino	aparencia
frapante	outro
fraquinho	aparencia
fraquito	aparencia
frasc�rio	carater
fraudulento	carater
fregu�s	social
freira	social
fremente	emo
fren�tico	carater
freq�entador	social
fresco	outro
frio	carater
friorento	outro
frouxo	carater
frugal	carater_social
fr�gil	aparencia
fr�gido	carater
fr�volo	carater
fugitivo	social
fulo	emo
fulvo	aparencia
fumante	social
funambulesco	aparencia
funambulesco	carater
funcion�rio	social
funesto	outro
funest�ssimo	outro
furente	emo
furibundo	emo
furioso	emo
furtivo	carater
fusco	aparencia
f�cil	social
f�rreo	carater
f�rtil	outro
f�sico	social 
f�ria	emo
f�til	carater
gadelhudo	aparencia
gago	outro
gaguejante	outro
gaiato	carater
galante	aparencia_carater
galanteador	carater
galantinho	aparencia
galego	social
galhardo	aparencia
galhofeiro	carater
gallego	social
gamenho	aparencia
ganancioso	carater
garboso	aparencia
gardingo	social
garimpeiro	social
garrido	aparencia
garrulo	carater
gasc�o	social
gastador	social
gastar	aparencia
gauche	social
ga�cho	social
gebo	aparencia
gelado	carater
gelatinoso	aparencia
gemebundo	emo
general	social
generoso	carater
genial	carater
genov�s	social
genro	social
gente	outro
gentil	carater
gentilissimo	carater
gentil�ssimo	carater
gentio	social
gentleman	social
genu�no	carater
germanophilo	social
germ�nico	social
giboso	aparencia
gigante	aparencia
gigantesco	aparencia
ginecologista	social
gira	aparencia
glorioso	aparencia
godo	social
gordalhudo	aparencia
gordalhufo	aparencia
gordanchudo	aparencia
gordinho	aparencia
gordito	aparencia
gordo	aparencia
gorduchito	aparencia
gorducho	aparencia
gord�ssimo	aparencia
gostoso	aparencia
governador	social
governista	social
gozado	carater
gozar	carater
gozoso	emo
go�s	social
gracioso	aparencia
gracios�ssimas	aparencia
gracios�ssimo	aparencia
grado	social
graduado	social
gran-bailio	social
grande	aparencia
grandioso	carater
grand�loquo	outro
gran�tico	carater
grato	emo
grave	carater
gravidar	outro
grav�ssimo	carater
gra�do	social
grego	social
grisalho	aparencia
grosseiro	carater
grosso	carater
grotesco	aparencia
gr�cil	aparencia
gr�vido	aparencia
gr�o	carater
guapo	aparencia
guarda	social
guarda-fios	social
guarda-freios	social
guarda-livros	social
guernesiano	social
guerreiro	carater_social
guia	social
guindado	carater_social
guloso	carater
g�rrulo	carater
g�lido	carater
g�meo	social
g�nio	carater
g�rio	carater
habilidoso	carater_social
habilissimo	carater_social
habilitad�ssimo	social
habilitar	social
habil�ssimas	carater_social
habil�ssimo	carater_social
hebraizante	social
hebreu	social
hebreu	social
hediondo	carater
helenista	social
helv�cio	social
hel�nico	social
herc�leo	aparencia
herdeira	social
herdeiro	social
herege	social
herm�tico	carater
herodiano	social
heroico	carater
her�tico	social
her�i	carater_social
her�ico	carater
hesitante	carater_emo
heterodoxo	carater
hidr�pico	aparencia
hier�tico	social
hindu	social
hipocondr�aco	carater
hipocrat�ssimo	carater
hipoc�ndrico	carater
hip�crita	carater
hirsuto	aparencia
hirto	aparencia
hispano-godo	social
historiador	social
histri�o	carater
hist�rico	carater
holand�s	social
homem	outro
homiziar	social
honesto	carater
honest�ssimas	carater
honest�ssimo	carater
honradissimo	carater
honrado	carater
honrad�ssimo	carater
honroso	carater
horrendo	aparencia_carater
horrend�ssimo	aparencia_carater
horrorizar	emo
horr�fico	aparencia
horr�vel	aparencia_carater_social
hospitaleiro	carater
hostil	emo_social
hotentote	social
humanista	social
humano	carater
human�ssimo	carater
humilde	carater_emo
humild�ssimas	carater_emo
humilhar	emo
humil�ssimo	carater_emo
hypocrita	carater
hysterico	carater_emo
hyst�rico	carater_emo
h�bil	carater
h�speda	social
h�spede	social
h�ngaro	social
ib�rico	social
ideal	aparencia_carater_social
idealista	carater
ideal�ssimo	outro
idiota	carater
idi�tico	carater_social
idolatrar	social
idoso	aparencia
id�neo	carater
ignaro	carater_social
ignorante	carater
ignorant�ssimo	carater
ign�bil	carater
ilegal	social
ileg�timo	social
iletrado	social
ilheu	social
ilh�u	social
ilibado	carater
illustradissimo	social
illustrissimo	social
iludir	carater
iluminar	carater_social
ilusionista	social
ilustrado	social
ilustrad�ssimas	social
ilustrar	social
ilustre	social
ilustr�ssimo	social
il�cito	carater
il�gico	carater
imaculado	carater
imaginativo	carater
imaginoso	carater
imbecil	carater
imbecil�ssimo	carater
imbele	carater
imberbe	aparencia
imenso	aparencia
imfante	social
imitador	carater
immacular	carater
immenso	aparencia
immortal	aparencia
immudavel	carater
imodesto	carater
imoral	carater
imortal	outro
impaciente	carater_emo
impag�vel	carater
imparcial	carater
impass�vel	carater_emo
impec�vel	aparencia_carater
impedir	social
impenetr�vel	carater
impenitente	social
imperante	social
imperfeito	aparencia_carater
imperial	social
imperialista	social
imperioso	carater
imperscrut�vel	carater
impertigar	carater
impertinente	carater
imperturb�vel	carater
impert�rrito	carater_emo
impetuoso	carater
impiedoso	carater
impio	carater
implac�vel	carater
impoluto	carater
imponente	carater
impopular	carater_social
importante	social
important�ssimo	social
importuno	carater
impotente	outro
impressionar	emo
impression�vel	carater
impress�vel	carater_emo
imprest�vel	outro
imprevidente	carater
imprudente	carater
impudente	carater
impudico	carater
impulsivo	carater
impuro	carater
imp�vido	emo
imp�bere	aparencia
imundo	social
imut�vel	carater
inabal�vel	carater
inacess�vel	carater
inactivo	carater
inalter�vel	carater
inativo	carater
incans�vel	carater
incapaz	carater
incauto	carater
incendi�rio	social
inchado	aparencia
inclemente	carater
incomodado	emo
incompar�vel	aparencia_carater_social
incompetente	carater
incompreendido	outro
incompreens�vel	carater
inconfidente	carater
incongruente	carater
inconsciente	outro
inconsequente	carater
inconsiderado	carater
inconsistente	carater
inconsol�vel	emo
inconstante	carater
incontestado	outro
inconveniente	carater_social
inconvers�vel	carater
incorrecto	carater
incorreto	carater
incorrig�vel	carater
incorrut�vel	social
incr�dulo	carater_emo
incr�vel	aparencia_carater_social
inculto	social
incur�vel	outro
inc�lume	outro
inc�modo	carater
inc�modo	social
indecente	carater
indeciso	carater_emo
indecoroso	social
indefect�vel	carater
indefeso	social
independente	carater_social
indescrit�vel	outro
indiano	social
indiferente	carater_emo
indifferente	carater_emo
indigente	social
indignado	emo
indignar	emo
indigno	carater
indisciplinado	carater
indiscreto	carater
indispens�vel	social
indisposto	aparencia_emo
inditoso	outro
indolente	carater
indom�vel	carater
indulgente	carater
industrial	social
industrioso	social
ind�gena	social
ind�cil	carater
ind�mito	carater_emo
ind�mito	carater_emo
inebriante	aparencia_carater
inef�vel	aparencia_carater
inenarr�vel	carater
inepto	carater
inerme	carater
inerte	outro
inescrupuloso	carater
inesgot�vel	outro
inestim�vel	carater
inexced�vel	carater
inexced�vel	carater
inexor�vel	carater
inexperiente	social
inexperto	social
inexplic�vel	carater
inexpressivo	carater
infallivel	carater_social
infal�vel	carater
infamar	carater
infame	carater
infamissimo	carater
infam�ssimo	carater
infanta	aparencia
infante	social
infatig�vel	carater
infausto	emo
infecto	outro
infecundo	aparencia
infelicissimo	emo
infelic�ssimo	emo
infeliz	emo
inferior	social
infernal	carater
infiel	carater
inflamar	emo
inflex�vel	carater
influente	social
informado	social
informar	social
informe	aparencia
infortunado	emo
inglesar	social
ingl�s	social
ingrato	carater_emo
ingrat�ssimo	carater_emo
ing�nuo	carater
inhabil	carater
iniciado	social
iniciador	social
iniciadora	social
inigual�vel	aparencia_carater
inimigo	social
inimit�vel	carater
inintelig�vel	carater
injusto	carater
innocente	carater
inocente	carater
inocentinho	carater
inofensivo	carater_social
inoffensivas	carater_social
inolvid�vel	outro
inoportuno	outro
inovador	carater
inquebrant�vel	carater
inquietador	carater
inquieto	carater_emo
inquilino	social
inquinar	emo
inquisidor	social
inquisidor-geral	social
inquisidor-mor	social
inquisitivo	carater
insaciavel	carater
insaci�vel	carater
insano	outro
insatisfeito	emo
insensato	carater
insensitivo	carater
insens�vel	carater_emo
insidioso	carater
insigne	social
insignificante	social
insign�ssimo	social
insinuante	aparencia_carater
insistente	carater
insoci�vel	carater
insofrido	carater
insolente	carater_emo
insond�vel	carater
inspiradora	social
inspirar	social
instintivo	carater
instruir	social
instrumentista	social
instru�do	social
inst�vel	carater
insubmisso	carater
insubordinado	carater
insubstitu�vel	social
insulso	carater
insuport�vel	carater
insupportavel	carater
insurrecto	social
insuspeito	carater
ins�pido	aparencia_carater
intang�vel	carater
intato	social
integ�rrimo	carater
inteirinho	carater
inteiri�ado	aparencia
intelectual	social
inteligente	carater
inteligent�ssimo	carater
intelligente	carater
intemerato	carater
intemperante	carater
intempestivo	carater
intendente	social
intendente-geral	social
interessado	carater
interessante	aparencia_carater
interessantissimo	carater
interessar	carater
interesseiro	carater
intermedi�rio	social
intolerante	carater_emo
intoler�vel	carater
intractavel	carater
intransigente	carater
intransigivel	carater
intrat�vel	carater
intrigante	carater
intrometido	carater
intr�pido	carater_emo
invejado	outro
invejar	outro
invejoso	carater_emo
invej�vel	social
invenc�vel	outro
inventivo	carater
inventor	social
invict�ssimo	outro
invis�vel	aparencia
invulgar	aparencia_carater_social
inv�lido	aparencia
in�bil	social
in�quo	carater
in�til	social
iracundo	emo
irado	emo
irad�ssimo	emo
irasc�vel	carater
irland�s	social
irm�	social
irm�o	social
irm�osinho	social
ironico	carater
irracional	carater
irredut�vel	carater
irrefletido	carater
irreligioso	social
irrepreens�vel	carater
irrequieto	carater_emo
irrequiet�ssimo	carater_emo
irresist�vel	aparencia_carater
irresoluto	carater_emo
irrespons�vel	carater
irritado	emo
irritad�ssimo	emo
irritante	carater
irrit�vel	carater
ir�nico	carater
iscravo	social
isento	carater
israelita	social
italiano	social
jacobino	social
jactancioso	carater
janota	aparencia
japon�s	social
jardineiro	social
javan�s	social
jeitoso	aparencia_carater
jesuita	social
jesu�ta	social
jezuita	social
jocoso	carater_emo
jogador	social
jornalista	social
jovem	aparencia
joven	aparencia
jovial	carater_emo
jovial�ssimo	carater_emo
jubiloso	emo
jucundo	carater
judeu	social
judia	social
judicioso	carater
juiz	social
jurado	social
jurisconsulto	social
jurista	social
jururu	emo
justiceiro	carater
justo	carater
juvenil	aparencia
ju�z	social
ju�za	social
j�ia	carater
laborioso	carater
laboriozo	carater
lacaio-mor	social
lacrimoso	aparencia_emo
lac�nico	carater
ladino	carater_social
ladr�o	social
lady	carater_social
lagrimoso	aparencia_emo
lambareiro	carater
lamecha	carater
lamentoso	carater
lament�vel	carater
lampeiro	carater
lamuriento	carater
lamurioso	carater_emo
lancheiro	social
languescer	aparencia
languir	carater
largo	aparencia
lascivo	carater
lasso	carater
lastim�vel	carater
latinista	social
latino	social
latoeiro	social
laureado	social
laurear	social
lavadinho	aparencia
lavar	aparencia
lavrador	social
lavradora	social
leal	carater
lealissimo	carater
legislador	social
legista	social
legitimista	social
leigo	social
leiriense	social
leiteiro	social
leitor	social
lento	aparencia_carater
lent�ssimo	aparencia_carater
leon�s	social
leproso	outro
ler	social
lerdo	carater
lesto	carater
letrado	social
let�rgico	carater_emo
levadinho	carater
levantino	social
leve	aparencia_carater
leviano	carater
lev�tico	social
liberal	carater_social
liberal�ssimo	carater_social
liberrimo	carater_social
libertino	carater
libidinoso	carater
licenciado	social
licenciar	social
licencioso	carater
lido	social
ligeiro	outro
limitado	carater
limpinho	aparencia
limpo	aparencia
lindo	aparencia
lind�ssimo	aparencia
linf�tico	carater_emo
lisboeta	social
lisbonense	social
liso	carater
lisonjead�ssimo	outro
lisonjear	emo
lisonjear	outro
lisonjeiro	carater
literata	social
literato	social
liter�rio	social
litterato	social
livre	carater_social
livre-pensador	social
logico	carater
logico	carater
loiro	aparencia
loiro-ruivo	aparencia
lojista	social
londrino	social
longo	aparencia
loquac�ssimo	carater
loquaz	carater
louco	carater_social
louquinho	carater_social
louro	aparencia
louvar	outro
luciferino	carater
luminoso	carater
lun�tico	carater
lusitano	social
lusitan�ssimo	social
lusitan�filo	social
luso	social
lustroso	aparencia
lutuoso	outro
luveira	social
luxemburgu�s	social
luxuoso	social
luxurioso	carater
l�zaro	aparencia
l�nguido	aparencia_carater
l�pido	emo
l�rico	carater
l�vido	aparencia
l�gico	carater
l�brico	aparencia
l�cido	carater
l�gubre	carater
macabro	carater
macac�o	aparencia
macamb�zio	carater_emo
macanjo	carater
maca�sta	social
macerar	aparencia
machucador	carater
machucho	aparencia
macilento	aparencia
madame	social
madeirense	social
madrasta	social
madre	social
madrinha	social
madrugador	carater_social
madrugadora	outro
maduro	aparencia_social
maestro	social
magistrado	social
magistral	carater
magnificente	aparencia
magnifico	aparencia_carater
magno	social
magn�nimo	carater
magn�fico	aparencia_carater
magoadissimo	emo
magrinhas	aparencia
magrinho	aparencia
magro	aparencia
magr�ssimo	aparencia
majestoso	aparencia
major	social
mal-afortunado	outro
mal-assombrado	outro
mal-aventurado	outro
mal-avindo	emo
mal-avisado	outro
mal-criar	carater
mal-educado	carater
mal-encarado	aparencia
malabarista	social
malaconselhado	outro
malandro	carater
malandr�o	carater
malaventurado	outro
malcriado	carater
maldito	social
maldizente	carater
maldoso	carater
male�vel	carater
malfadado	outro
malfazejo	carater
malferido	aparencia
malicioso	carater
maligno	carater
malogrado	outro
malograr	social
malsim	carater_social
malsinar	outro
maltrapilho	social
malt�s	social
maluco	carater_social
malvado	carater
malvisto	social
malzinha	carater
mal�fico	carater
mal�volo	carater
mana	social
mancebo	social
mandante	social
mandingueiras	social
mandri�o	carater
mand�o	carater
maneiro	aparencia
maneiroso	carater
mangueiro	carater
manhoso	carater
manso	carater
mans�ssimo	carater
mante�do	social
man�aco	carater
maquinista	social
maranhense	social
maravilhado	emo
maravilhar	emo
maravilhoso	aparencia_carater_social
marcante	carater
marcar	aparencia_carater
marceneiro	social
marcial	carater
marciano	outro
marechal	social
marechal	social
maricas	carater
marido	social
marinheiro	social
marmorista	social
maroto	carater
marquesa	social
marquez	social
marqueza	social
marqu�s	social
martirizar	emo
marvado	carater
mascarar	aparencia
mascate	social
masculino	aparencia_carater
matador	social
mateiro	social
matem�tico	social
materialista	carater
maternal	carater
matinal	outro
matreiro	carater
matrona	aparencia_social
matuto	social
mau	carater
maviosissimo	outro
mavioso	outro
mazorro	carater
ma�ador	carater
ma�om	social
ma�on	social
ma��nico	social
mec�nico	social
mediano	social
medieval	social
meditabundo	emo
meditativo	carater
medonho	aparencia_carater
medroso	carater_emo
med�ocre	social
meeira	social
mefistof�lico	carater
meigo	carater_emo
meio-assustado	emo
meirinho	social
melancholico	carater_emo
melancolico	carater_emo
melanc�lico	carater_emo
melindroso	carater
meloso	carater
mel�fluo	carater
membrudo	aparencia
memor�vel	social
mendicante	social
mendiga	social
mendigo	social
menina	aparencia
menineiro	carater
menino	aparencia
mentecapto	social
mentiroso	carater
mercador	social
mercenaria	social
mercen�rio	social
merecedor	outro
merecedora	outro
merenc�rio	carater
meretriz	social
meridional	social
merit�ssimo	outro
merit�rio	outro
mesquinho	carater
mestra	social
mestre	social
mesureiro	carater
mesuroso	carater
metedi�o	carater
meticuloso	carater
met�dico	carater
mezinheiras	social
me�o	aparencia
micaelense	social
miguelista	social
milagroso	outro
milionar�ssimo	social
milion�rio	social
militar	social
millionario	social
mimoso	aparencia
mimos�ssimo	aparencia
minaz	carater
mineiro	social
minhoto	social
ministra	social
ministro	social
minucioso	carater
min�sculo	aparencia
miraculoso	outro
mirrado	aparencia
misantropo	carater
misericordioso	carater_emo
miser�vel	carater_social
misseiro	social
missionario	social
mission�rio	social
misterioso	carater
mitol�gico	social
miudinho	aparencia
miudito	aparencia
mi�do	aparencia
mocet�o	social
mocinho	social
modelar	aparencia_carater
modelo	social
moderado	carater
moderno	outro
modern�ssimo	social
modesto	carater_social
modest�ssimo	carater_social
modista	social
mofino	emo
mole	aparencia_carater
moleng�o	carater
molestissimo	carater
monarchista	social
monja	social
monstro	aparencia_carater
monstruoso	aparencia_carater
montanh�s	social
montesinho	social
monumental	aparencia
mon�rquico	social
mon�tono	carater
moral	carater
moralista	carater
mordac�ssimo	carater
mordaz	carater
mordente	carater
mordomo-mor	social
moreno	aparencia
morfin�mano	social
morf�tico	aparencia
morgado	social
morgar	social
moribundo	emo
morigerado	carater
moroso	outro
mortal	outro
mortificar	emo
mortinho	outro
morto	outro
mosca-morta	carater
mouco	aparencia
mourisco	social
mouro	social
mo�a	social
mo�arabe	social
mo�o	social
mucama	social
mudar	outro
mudo	outro
mulato	aparencia
mulher	outro
mundano	carater
municipal	social
murchar	aparencia
musculoso	aparencia
musulmano	social
mutilado	aparencia
mutilar	aparencia
muy-feo	aparencia
mu�ulmano	social
mysterioso	carater
mystico	social
m�	carater
m�gico	outro
m�rtir	social
m�sculo	aparencia
m�e	social
m�dico	social
m�dio	social
m�ope	aparencia
m�sero	social
m�stico	carater
m�rbido	carater
m�rmon	social
m�sico	social
namorada	social
namoradeira	carater
namoradeiro	carater
namoradi�o	carater
namorado	social
namorador	carater
namoriqueiras	carater
napolitano	social
natural	carater_social
naturalista	social
natural�ssimo	carater_social
nauseado	emo
necessitado	social
necromantico social
nefando	carater
nefand�ssimo	carater
nefasto	carater
negligente	carater
negociante	social
negra	aparencia
negregado	outro
negregado	outro
negro	aparencia
negr�o	aparencia
nervoso	carater_emo
neta	social
neto	social
neutro	social
nevr�tico	carater
ne�fito	social
niquento	carater
nobre	social
nocivo	carater
noit�rio	outro
noiva	social
noivo	social
nojento	aparencia
nonagen�rio	social
normal	social
normalista	social
normando	social
norte-europeu	social
nortista	social
noruegu�s	social
nost�lgico	carater_emo
notabil�ssimo	social
notario	social
noticiarista	social
noturno	outro
not�vel	social
novato	social
noveleiro	carater
novinho	aparencia
novi�o	outro
novi�o	social
novo	aparencia
nu	aparencia
nubente	social
nulo	social
nutrido	aparencia
nutrir	aparencia
nuzinho	aparencia
n�dio	aparencia
n�bil	social
n�bio	social
obediente	carater
obeso	aparencia
obsceno	carater
obscuro	social
obscur�ssimo	outro
obsecar	carater
obsequiador	carater
obsequioso	carater
observador	carater
obsesso	carater
obstinado	carater
obstinar	carater
obtuso	carater
ocidental	social
ocioso	carater_social
octogenario	aparencia
octogen�ria	outro
ocupado	social
ocupad�ssimo	social
ocupar	social
odiar	outro
odiar	outro
odiento	carater
odioso	carater
ofegante	outro
ofender	emo_social
ofendido	emo_social
offegante	outro
offender	emo_social
official	social
oficial	social
oficial-de-sala	social
olheirento	aparencia
oliveirense	social
ominoso	carater
onipotente	outro
opado	aparencia
operario	social
operoso	carater
operos�ssimo	carater
oper�rio	social
opressivo	carater
oprimido	emo_social
oprimir	emo_social
opulento	social
opulent�ssimo	social
orador	social
ordeiro	carater
ordinaria	carater
ordinarote	carater
ordin�rio	carater
orf�	social
organista	social
organizado	carater
orgulhoso	carater_emo
oriental	social
orientalista	social
original	carater
originalissimo	carater
original�ssimo	carater
ornamental	aparencia
ornar	aparencia
orph�	social
orph�o	social
ortodoxo	carater_social
ostentoso	carater
ourives	social
ousado	carater
ouvidor	social
ouvidor-geral	social
ovante	emo
pacato	carater
pachorrento	carater
paciente	carater
pac�fico	carater
padeiro	social
padre	social
padre-mestre	social
padrinho	social
pae	social
pag�o	social
pai	social
palaciano	social
palavroso	carater
pall�do	aparencia
palpitante	emo
palrador	carater
palreiras	carater
palreiro	carater
pan�udo	aparencia
papa	social
papalvo	carater
papista	social
papudo	aparencia
paquid�rmico	aparencia
paraibano	social
paraibano	social
paral�tico	aparencia
paramentar	aparencia
paranaense	social
parar	outro
pardinho	aparencia
pardo	aparencia
pardo-claro	aparencia
parecido	outro
parenta	social
parente	social
parisiense	social
parlamentar	social
parodista	carater
paroquiano	social
parva	carater
parvo	carater
pasmado	emo
pasmar	emo
pasmo	emo
passional	carater_emo
passivo	carater
pastor	social
pastoril	social
pateta	carater
patife	carater_social
patriarca	social
patriota	outro
patriota	social
patriotico	social
patri�tico	social
patr�o	social
patusco	carater
paulista	social
pausar	outro
pavoroso	aparencia_carater
paxorrento	carater
pecador	social
pecadora	social
pechoso	carater
pedante	carater
pedantesco	carater
pedreiro	social
pedreiro-livre	social
pejado	emo
pelado	aparencia
pelintra	social
pelintr�ssimo	social
peludo	aparencia
penalizar	emo
penetrante	carater
penhorista	social
penitenci�rio	social
penitente	emo
penitente	outro
pensador	social
pensativo	outro
penteiar	aparencia
pequenino	aparencia
pequenito	aparencia
pequeno	aparencia
pequenota	aparencia
pequenote	aparencia
pequerruchinho	aparencia
pequerrucho	aparencia
peralta	aparencia_carater
peralvilho	carater
perceptor	social
perclar�ssimo	carater
perder	carater_social
perdidinho	emo
perdido	carater_social
peregrino	social
perfeito	aparencia_carater
perfeit�ssimo	aparencia_carater
perfumista	social
perigosissimo	carater
perigoso	carater
perigos�ssimo	outro
perito	social
perjuro	social
pernambucano	social
pernicioso	social
pernudo	aparencia
perplexo	emo
perro	carater
persa	social
perseverante	carater
persistente	carater
perspicaz	carater
persuasivo	carater
perturbado	carater
perturbante	aparencia
perturbar	carater
perverso	carater
perverter	carater
pesado	aparencia
pesar	aparencia
pesaroso	emo
pessoa	outro
petrificar	emo
petulante	carater
pezaroso	emo
phantasioso	carater
phantastico	aparencia_carater
pharmaceutico	social
philosopho	social
phramaceutico	social
physico	social
pianista	social
picaroto	social
piedoso	carater
piegas	carater
piloto-mor	social
pimp�o	aparencia_carater
pintor	social
pio	carater
pirata	social
pisar	outro
pittoresco	outro
plantonista	social
planturoso	aparencia
plebeu	social
pl�cido	carater_emo
pl�mbeo	aparencia
pobre	social
pobresinho	emo
pobresito	emo
pobrezinho	emo
pobrezito	social
pobrinho	social
pobr�ssimas	social
pobr�ssimo	social
poderoso	social
poderos�ssimo	social
poeta	social
poetico	carater
poetisa	social
polaco	social
policial	social
polido	social
polid�ssimo	carater
polir	carater
politico	social
poltr�o	carater
pol�gamo	social
pol�grafo	social
pol�tico	social
pomposo	carater
ponderado	carater
ponderoso	carater
pontilhoso	carater
pontual	social
popular	social
popularissimo	social
popular�ssimo	social
porco	aparencia
porfioso	carater
porteiro-mor	social
portentoso	social
portuense	social
portugues�ssimo	social
portuguez	social
portugueza	social
portugu�s	social
positivista	social
positivo	carater
possante	aparencia
possesso	emo
possuidor	social
possuidora	social
posti�o	social
poupadissimo	carater
poupado	carater
povoador	social
po�tico	carater
pragm�tico	carater
pratico	carater
prazenteiro	carater_emo
precatado	carater
precavido	carater
precioso	carater
precios�ssimo	outro
precipitar	carater
preciso	carater
precito	social
precoce	aparencia
predestinado	outro
predestinar	outro
predileto	emo
prefeito	social
prefer�vel	outro
pregador	social
preguiceiro	carater
pregui�oso	carater
prelado	social
premiado	social
prendado	social
prendar	carater
prenhado	aparencia
prenhe	aparencia
preocupado	emo
preocupad�ssimo	emo
preocupar	emo
preparar	social
preposto	social
presar	outro
presbytero	social
presente	outro
presidente	social
preso	social
pressuroso	carater
prestadio	carater
prestameiro	social
prestante	carater
prestant�ssimo	carater
prestativo	carater
prestigiar	social
prestigioso	social
prestimoso	carater
presumido	carater
presump�oso	carater
presun�oso	carater
presun�oso	carater
pretencioso	carater
pretendente	social
pretender	outro
pretensioso	carater
pretenso	outro
preto	aparencia
prevaricador	carater
prevenido	carater
prevenir	carater
preverso	carater
previdente	carater
prezadissimo	outro
prezado	outro
prezar	outro
prima	social
primeiranista	social
priminho	social
primitivo	social
primo	social
primogenito	social
primoroso	carater
princesa	social
princeza	social
prior	social
prioresa	social
prisioneira	social
prisioneiro	outro
prisioneiro	social
privilegiado	social
privilegiar	social
problem�tico	outro
probo	carater
procurador	social
procurador-geral	social
prodigioso	outro
prod�gio	social
proeminente	social
professor	social
professora	social
profeta	social
proficiente	social
profissional	social
profundo	carater
profund�ssimo	carater
progenitor	social
progressista	social
prolet�rio	social
prolixo	carater
prol�fico	outro
prometer	social
propheta	social
prophetisa	social
proprietario	social
propriet�ria	social
propriet�rio	social
prosador	social
proscrever	social
prostituir	social
prostituta	social
prostrado	aparencia_emo
prostrar	aparencia_emo
protagonista	social
protector	social
protestante	social
protetor	social
provedor	social
provedor-mor	social
proven�al	social
providente	carater
provinciano	social
provocante	carater
prudente	carater
prudent�ssimo	carater
prussiano	social
pr�tico	carater
pr�-hist�rico	social
pr�ncipe	social
pr�digo	carater_social
pr�fugo	social
pr�spero	social
pr�ximo	outro
publicista	social
pudibundo	aparencia_emo
pudico	carater
pueril	carater
pugnac�ssimo	carater
pujante	aparencia_carater
pulh�ssimo	carater
pundonoroso	carater
pupila	social
pupilla	social
purissimo	carater
puro	carater
pur�ssimas	carater
pur�ssimo	carater
pusil�nime	carater_emo
p�lido	aparencia
p�llido	aparencia
p�roco	social
p�trio	social
p�vido	emo
p�ndego	carater
p�rfido	carater
p�ssimo	carater_social
p�caro	carater
p�bere	aparencia
p�blico	social
quadragen�rio	outro
qualificado	social
qualificar	social
quarent�o	aparencia
quatern�rio	social
quebradi�o	aparencia
quebrantado	aparencia
quebrantar	aparencia
quebrar	aparencia
quedo	outro
queixoso	carater
quente	outro
querer	outro
queridissimo	outro
querido	outro
quezilento	carater
quietinho	carater
quieto	carater
quim�rico	carater
quinhentista	social
qu�mico	social
q�inquagen�rio	social
rabequista	social
rabugento	carater_emo
rabujento	carater_emo
rab�nico	social
racional	carater
radiante	emo
radical	social
radioso	emo
rainha	social
raivoso	emo
ralar	aparencia
rancoroso	carater
ranzinza	carater_emo
rapag�o	aparencia
rapariga	aparencia
rapaz	aparencia
rapazinho	aparencia
raposeiro	carater
raqu�tico	aparencia
raro	carater
rasoavel	carater
razo�vel	carater
reacionario	carater_social
reacion�rio	carater_social
realista	carater
realizar	social
rebarbativo	carater
rebelde	carater_social
recalcado	carater
recalcar	carater
recalcitrante	carater
recatado	carater
receioso	carater_emo
receoso	carater_emo
rechonchudo	aparencia
recluso	social
recomend�vel	outro
reconhecer	social
recoveira	social
rect�ssimo	carater
rec�m-casado	social
rec�m-nascer	aparencia
redactor	social
redator	social
redondinho	aparencia
redondito	aparencia
redondo	aparencia
reduzid�ssimo	outro
refalsado	carater
refeito	aparencia
refinado	carater
refinad�ssimo	social
refinar	carater
refletido	carater
refletir	carater
reflexivo	carater
reformado	social
reformista	social
refractario	carater
refract�rio	carater
refrat�rio	carater
refreado	carater
refugiado	social
refugiar	social
regalado	emo
regalista	social
regateiro	carater_social
regenerado	social
regenerador	social
regenerar	social
regente	social
regionalista	social
regrado	carater
regular	outro
rei	social
reitor	social
rejeitar	outro
relamb�rio	carater
relaxar	carater_emo
reles	carater
religiosa	social
religiosissimo	carater
religioso	social
religios�ssimo	carater
relutante	emo
reluzente	aparencia
remediado	social
remisso	carater
remoto	carater
rendeira	social
renitente	emo
reparador	carater
repartidor	social
repelente	aparencia_carater
repellente	aparencia_carater
repleto	outro
representante	social
republicano	social
repugnante	aparencia_carater
repulsivo	aparencia_carater
reputado	social
requebrado	aparencia
requestar	social
requintar	social
reservado	carater
reservad�ssimo	carater
reservar	carater
resignado	carater
resignar	carater
resistente	aparencia_social
resoluto	carater
resolver	carater
respeitabilissimo	carater_social
respeitabil�ssimas	carater_social
respeitabil�ssimo	carater_social
respeitado	social
respeitador	carater
respeitar	social
respeitoso	carater_emo
respeit�vel	social
resplandecente	aparencia
respons�vel	social
ressentir	emo
retalhista	social
reticente	carater
retirante	social
reto	carater
retrair	carater
retrincar	carater
retr�grado	social
retumbante	outro
reum�tico	aparencia
reverencioso	carater_emo
reverendo	social
reverendo	social
reverend�ssimo	social
reverente	carater
revisor	social
revoltado	caracter_emo_social
revoltoso	social
revolucion�rio	social
rezadeira	social
ribatejano	social
rica�o	social
rico	social
ridente	emo
rident�ssimo	aparencia
ridiculo	outro
rid�culo	outro
rigorista	carater
rigoroso	carater
rijo	aparencia
rio-grandense	social
riquinho	social
riquissimo	social
riqu�ssimo	social
risonho	emo
rival	outro
robusto	aparencia
robust�ssimo	aparencia
roli�o	aparencia
romancista	social
romanesco	carater
romano	social
romanticas	carater
romantico	carater
rom�ntico	carater
ronceiro	carater
rosa	aparencia
rosado	aparencia
roteirista	social
roto	aparencia
rotundo	aparencia
rouco	aparencia
roxo	aparencia
ro�do	emo
rubicundo	aparencia
rubro	aparencia
rude	carater
rufi�o	carater
rugoso	aparencia
ruim	carater
ruinzinho	carater
ruivo	aparencia
rural	social
russo	social
rutilante	aparencia
ru�o	aparencia
r�pido	outro
r�gio	social
r�gulo	social
r�les	carater
r�probo	carater
r�u	social
r�gido	carater
r�spido	carater
r�seo	aparencia
r�bido	aparencia
r�stico	social
sabedor	outro
saber	carater
sabichona	carater
sabich�o	carater
sabido	carater
sabinense	social
saboroso	outro
sacerdote	social
sachrist�o	social
saciado	outro
sacramentar	outro
sacrista	carater_social
sacr�lego	social
sacudido	carater
sacudir	carater
sadio	aparencia
safo	carater
sagac�ssimo	carater
sagaz	carater
salariado	social
saliente	carater
saloio	social
salvador	social
salvadora	social
sandeu	carater
sangrado	aparencia
sanguinario	carater
sanguineo	carater
sanguin�rio	carater
sangu�neo	outro
sanhudo	emo
santareno	social
santo	carater
sapiente	social
sapientissimo	social
sapient�ssimo	social
sarapintado	aparencia
sarc�stico	carater
sardento	aparencia
sargento	social
sargento-m�r	social
sarraceno	social
satanico	outro
satisfazer	emo
satisfeitissimas	emo
satisfeitissimo	emo
satisfeito	emo
satisfeit�ssimo	emo
saturar	emo
sat�nico	carater
sat�rico	carater
saudoso	emo
saud�vel	aparencia
sceptico	carater
schopenhauerista	social
sc�ptico	carater
sebastianista	social
sebento	aparencia
secarr�o	aparencia_carater
seco	aparencia_carater
secreto	outro
secret�rio	social
secret�rio-geral	social
secret�rio=de=Estado	social
sedento	outro
sedent�rio	outro
sedicioso	carater
sedutor	aparencia_carater
seduzir	outro
segr�is	social
segundo-tenente	social
seguro	carater
segur�ssimo	carater
seleto	carater
selvagem	carater_social
selv�tico	carater
sem-vergonha	carater
semi-branco	aparencia
semi-embriagado	social
semi-morto	aparencia
semi-nu	aparencia
semimorto	aparencia
seminarista	social
seminu	aparencia
senador	social
senhor	social
senhora	social
senhorinha	social
senil	carater
sensabor�o	carater
sensato	carater
sensibilissimo	carater
sensual	aparencia_carater
sens�vel	carater_emo
sentado	outro
sentencioso	carater
sentimental	carater_emo
sentir	emo
separado	social
separatista	social
sequioso	outro
sereno	carater_emo
seren�ssimo	carater_emo
seriazinho	carater
seringueiro	social
seriozinho	carater
sertanejo	social
sertanista	social
serva	social
servente	social
servil	carater
servi�al	social
servo	social
ser�fico	carater
sesquipedal	aparencia_carater
sestroso	carater
sesudo	carater
setembrista	social
setuagen�rio	aparencia
severo	carater
sever�ssimo	carater
sevilhano	social
sexagenario	aparencia
sexagen�rio	aparencia
se�orito	social
siberiano	social
sifil�tico	outro
sifl�tico	aparencia
silencioso	outro
silente	outro
silf�dico	aparencia
simiesco	aparencia
simpatico	carater
simples	carater
simplicidade	carater
simplista	carater
simpl�rio	carater
simp�tico	carater
simular	carater
sim�trico	aparencia
sincero	carater
singelinho	carater
singelo	carater
singular	carater
singular�ssimo	carater
sinistro	carater
sir�aco	social
sistem�tico	carater
sisudo	carater
sizudo	carater
soberana	social
soberano	social
soberbo	carater
soberb�ssimo	carater
sobranceiro	carater_emo
sobre-excitado	emo
sobrecarregar	social
sobresaltada	emo
sobresaltado	emo
sobressaltar	emo
sobrinha	social
sobrinhi	social
sobrinho	social
sobrio	carater
socegar	carater
social	carater
socialista	social
soci�vel	carater
soez	carater
sofredor	emo
sofrer	emo
sofrido	emo
sofr�vel	carater
sof�stico	carater
sogra	social
soldado	social
solene	carater
solen�ssimo	carater
solerte	carater
solid�rio	carater
solitario	social
solit�rio	carater_social
sollicito	carater
solteira	social
solteiro	social
solteyro	social
solu�ante	emo
sol�cito	carater
sombrio	carater
sonhador	carater
sonsinho	carater
sonso	carater
son�mbulo	outro
sopitado	aparencia
sopor�fero	carater
sorrateiro	carater
sorridente	carater_emo
sorumb�tico	carater_emo
sosinha	outro
sossegadinho	carater
sossegado	carater
sossegar	carater
soturno	carater_emo
sovina	carater
sozinho	outro
sphyngico	carater
suado	aparencia
suave	carater
subalterno	social
sublime	carater
submisso	carater
subordinar	social
subtil	carater
subtil�ssimo	carater
sucedido	social
sucumbido	emo
sujo	aparencia
sulino	social
sumptuoso	outro
super-requintar	carater
supercilioso	aparencia
supercivilizado	carater
superficial	carater
superfino	aparencia_carater
superiora	social
supersticioso	carater
suplicante	emo
supremo	social
surdo	outro
surpreendente	outro
surpreender	emo
surprehender	emo
surpreso	emo
surrado	aparencia
suscet�vel	carater
suserano	social
suspeito	social
suspeitoso	carater
suspirado	outro
sutil	carater
su��o	social
sympathico	carater
sympatico	carater
s�bio	carater
s�o	aparencia
s�osinho	outro
s�ozinho	outro
s�cio	aparencia_carater
s�rio	carater
s�mplice	carater
s�rio	social
s�rio	social
s�zinho	outro
s�	outro
s�brio	aparencia_carater
s�cio	social
s�lido	aparencia_carater
s�rdido	carater
s�sinho	outro
s�frego	carater_emo
tabajara	social
tabaquento	outro
tabeli�o	social
tabelli�o	social
taberneiro	social
tacanho	carater
taciturno	carater_emo
taful	aparencia_carater
tagarela	carater
talentoso	carater
taludo	aparencia
tapuyo	social
taqu�grafo	social
tarado	carater_social
taurino	aparencia
teatino	social
teatral	carater
tedioso	carater
teimoso	carater
telegrafista	social
telhudo	carater
temente	carater_emo
temer	social
temeroso	carater_emo
temer�rio	carater_emo
temperado	carater
tempestuoso	carater
tem�vel	carater
tenaz	carater
tendeira	social
tenebroso	carater
tenente	social
tenente-coronel	social
tenente-general	social
tenro	aparencia_carater
tenso	emo
tentador	carater
teosofista	social
terno	carater_emo
tern�ssimo	carater_emo
terr�vel	carater
terso	carater
teso	aparencia_carater
tesoureiro	social
testamenteira	social
testamenteiro	social
testemunha	social
testudo	aparencia_carater
tetraneto	social
te�logo-metaf�sico	social
te�do	social
theologo	social
thesoureira	social
thesoureiro	social
tia	social
timbroso	carater_emo
timorato	carater
tio	social
tip�grafo	social
tirano	social
tiririca	emo
tiriricas	emo
tir�nico	social
tisnado	aparencia
tisnar	aparencia
titubeante	emo
titular	social
tocador	social
tocantim	social
tolaz	carater
toleirono	carater
tolerante	carater
tolhido	outro
tolinho	carater
tolo	carater
tonsurado	aparencia
tonto	carater
torcido	carater
torneiro	social
torpe	carater
torp�ssimo	carater
torto	aparencia_carater
torturar	outro
torvo	aparencia
tosco	carater
trabalhadeira	social
trabalhador	social
tradicional	social
tradutor	social
traidor	carater
traidor	social
traidora	social
trair	social
trai�oeiro	carater
trajar	aparencia
tranquillo	carater_emo
tranq�ilo	carater
tranq�ilo	carater_emo
transfigurado	aparencia
transformador	carater
transgressora	social
transigente	carater
transmontano	social
transparente	aparencia_carater
transtornado	emo
transviar	carater
traquinas	carater
tratant�ssimo	carater
travesso	carater
tredo	carater
tremendo	carater
tresloucado	outro
trigueiro	aparencia
trintona	aparencia
triste	emo
tristezinho	emo
tristissiino	emo
tristonho	carater
triumphante	emo
triunfal	outro
triunfante	emo
triunfante	outro
trivial	outro
troiano	social
trombudo	emo
troncho	aparencia
trovador	social
troveiro	social
truculento	carater
tr�gico	outro
tr�mulo	aparencia_emo
tr�fego	carater
tr�mulo	aparencia_emo
tr�pego	aparencia
tuberculoso	aparencia
tumultuoso	carater
tupinamb�	social
turbulento	carater
turco	social
turista	social
turuna	social
tutor	social
tyranno	carater
tysico	aparencia
t�trico	carater
t�bio	carater
t�bio	carater
t�mido	carater_emo
t�sico	aparencia
t�tere	carater
ufano	emo
ufanoso	emo
ultracortes�o	social
ultrajar	outro
ultrapassado	social
ultrapolicial	social
ultraprofundo	carater
unhas-de-fome	carater
unico	carater
urbano	social
useiro	carater
usur�rio	social
utilissimo	outro
vacilante	carater
vacillante	emo
vadio	social
vagabundo	social
vagaroso	outro
vago	carater
vaidosinho	carater
vaidoso	carater
valente	carater_emo
valentissimo	carater
valent�ssimo	carater
valeroso	carater
valeros�ssimo	carater
valetudin�rio	aparencia
valido	outro
valid�ssimo	outro
valioso	outro
valoroso	carater
valsista	social
vaporoso	aparencia
varonil	aparencia_carater
var�o	carater_emo
vasco	social
veemente	carater
velhaco	carater
velhinho	aparencia
velhissimo	aparencia
velho	aparencia
velha	aparencia
velhota	aparencia
velhote	aparencia
velhusco	social
velh�ssimo	aparencia
venal	carater
vencedor	social
vendido	carater
vendilh�o	social
vend�vel	carater
venenoso	carater
venerabil�ssimo	social
venerando	aparencia
venerar	outro
vener�vel	carater
veneziano	social
ventrudo	aparencia
venturoso	emo
verboso	carater
verbos�ssimo	carater
verdadeirissimo	carater
verdadeiro	carater
verde	aparencia
verdoso	aparencia
verdugo	social
vereador	social
vermelho	aparencia
verrinoso	carater
versado	outro
versar	outro
vers�til	carater
vertical	carater
vesgo	aparencia
vestidinho	aparencia
vestir	aparencia
veterano	social
vexado	emo
vexad�ssimo	emo
viajado	social
viajante	social
viajar	social
vice	social
vice-rei	social
viciado	social
vicioso	carater
videiro	carater
vidente	social
vigario	social
vigilante	social
vigilant�ssimo	carater
vigoroso	carater
vig�rio	social
vig�rio-geral	social
vil	carater
vila-realense	social
vilissimo	carater
vil�o	carater_social
vimaranense	social
vingativo	carater
violar	outro
violentar	outro
violento	carater
violeta	aparencia
violinista	social
violoncelista	social
viperino	carater
virgem	social
viril	aparencia
virtuoso	carater
virtuos�ssimas	carater
virtuos�ssimo	carater
virulento	carater
visconde	social
viscondessa	social
visig�tico	social
visinha	social
vision�rio	social
vistoso	aparencia
vitorioso	outro
viuva	social
viuvinho	social
viuvo	social
vivaz	carater
viver	social
vivido	social
vivo	outro
vizinho	social
vi�oso	outro
vi�va	social
vi�vo	social
volumoso	aparencia
voluntarioso	carater
volunt�rio	social
voluptuoso	aparencia_carater
vol�vel	carater
vozeiro	carater
vulgar	aparencia_carater_social
vulner�vel	outro
v�lico	social
v�tima	outro
wildeano	social
xar�	social
zanaga	aparencia
zangado	emo
zangad�ssimo	emo
zeloso	carater
zombeteiro	carater_emo
zonzo	outro
zoologista	social
zulo	social
zulu	social
�-toa	social
�gil	aparencia
�rabe	social
�rdego	carater
�spero	carater
�ulico	social
�vido	carater_emo
�brio	social
�tico	carater
�dolo	social
�mpio	carater
�nclito	carater
�ndia	social
�ndio	social
�nfimo	aparencia
�ntegro	carater
�ntimo	social
�rf�	social
�rf�o	social
�nico	carater
�til	outro
